series,init_dim,num_blocks,num_params,loss
3M,16,1,2847315,0.00076581648318097
5M,18,2,4974829,0.0006930590025149286