series,init_dim,num_blocks,num_params,loss
3M,16,1,2847315,0.00076581648318097
5M,18,2,4974829,0.0006153548019938171
9.5M,22,3,9434497,0.0004735846596304327